품명,수요금액합계,월평균금액,거래건수,수요기관수
레미콘,525108351459,262554175730,16632,1681
항공기연료,267432158008,133716079004,33,4
아스팔트콘크리트,254907380133,127453690066,5125,974
철근또는강철봉,124120059622,62060029811,4826,606
경유,112215960742,56107980371,29,5
순환아스팔트콘크리트,78538185936,39269092968,1050,368
콘크리트블록,63809003410,31904501705,3837,886
금속제울타리,57166991185,28583495592,2950,792
금속제창,49474666313,24737333156,1934,319
데스크톱컴퓨터,48358309928,24179154964,1964,1472
외벽패널,44839947918,22419973959,432,208
사무용소프트웨어,36195553680,18097776840,376,244
태양광발전장치,34071008700,17035504350,446,129
배전반,33588732360,16794366180,573,127
트랜잭션보안및바이러스보호소프트웨어,32729698320,16364849160,1089,385
엘리베이터,28792065920,14396032960,1841,212
영상감시장치,25587163080,12793581540,1694,527
배수로,22424172337,11212086168,2732,692
피복강관,20352327166,10176163583,165,45
국외여행서비스,19613910580,9806955290,6,5
쓰레기봉투,19555283634,9777641817,742,72
맨홀박스,18301981019,9150990510,5235,310
석재블록,18228248216,9114124108,3491,393
폴리우레아수지도막방수재,18023617115,9011808558,365,239
화물트럭,17901299550,8950649775,119,34
조경시설물,17882435350,8941217675,233,88
헬기서비스,17474317540,8737158770,38,20
응집제,17405315674,8702657837,162,89
조립식철근콘크리트암거블록,17098039875,8549019938,296,141
임시학교건물임대서비스,17047189790,8523594895,11,8
조경석,16673957711,8336978856,858,236
파형강관,16664485141,8332242570,817,222
군복,16216052830,8108026415,351,7
식육가공품,16151407797,8075703898,1829,40
경관조명,15968971430,7984485715,1063,348
미끄럼방지바닥포장재,15922118030,7961059015,628,282
보안용카메라,15919438700,7959719350,622,274
가드레일,15608944077,7804472038,566,257
통신서버소프트웨어,15226076480,7613038240,517,221
주차관제장치,14581804700,7290902350,1261,159
인조잔디,13948131100,6974065550,139,105
DB관리시스템소프트웨어,13841958000,6920979000,39,15
맨홀뚜껑,13552634197,6776317098,1225,344
네트워크스위치,13432776716,6716388358,1629,525
분전반,13342610526,6671305263,1204,297
차양,12672259124,6336129562,696,242
전광판,12100941000,6050470500,223,186
낙석방지책,10454274120,5227137060,319,104
주철관,10341288400,5170644200,358,120
가로등주및부속자재,10264018340,5132009170,1452,329
포설형탄성포장재,9911566354,4955783177,281,175
폴리에틸렌관,9674502140,4837251070,1442,364
퍼걸러,9570007100,4785003550,377,224
맨홀보조물,9041868000,4520934000,16,11
석재타일및판석,8707517100,4353758550,699,144
전기스포츠유틸리티차량,8685760000,4342880000,68,50
도로조명설비,8667264910,4333632455,497,231
전기화물트럭,8642976000,4321488000,50,40
경질폴리염화비닐관,8473027103,4236513552,934,212
전기승용자동차,8283720000,4141860000,24,21
원격자동검침시스템,8248529820,4124264910,129,63
교통표지,8074585610,4037292805,1018,164
백신,8015189626,4007594813,551,190
스틸그레이팅,7976956881,3988478440,2247,433
클라우드서비스,7637838011,3818919006,47,43
졸업앨범,7625715240,3812857620,747,674
노트북컴퓨터,7564029000,3782014500,630,537
안내판,7554135800,3777067900,1292,342
콘크리트관,7453570250,3726785125,635,164
흙콘크리트,7436704946,3718352473,208,117
기타화초,7391637143,3695818572,2707,202
인터랙티브화이트보드및액세서리,7345160300,3672580150,528,444
파일시스템소프트웨어,7330621060,3665310530,304,187
유틸리티소프트웨어,7049363360,3524681680,115,86
무정전전원장치,7029095180,3514547590,379,143
냉난방공조공사,6983659630,3491829815,1838,175
LED실내조명등,6889811590,3444905795,1950,388
전동기제어반,6875092980,3437546490,177,72
도로표지병,6857579570,3428789785,194,123
스포츠유틸리티차량,6802600000,3401300000,116,61
방화벽장치,6636970880,3318485440,197,136
미니버스,6570241000,3285120500,65,50
속셔츠,6541842707,3270921354,189,1
컴퓨터서버,6407502000,3203751000,200,145
수량계,6384899613,3192449806,716,100
특수지붕재,6308864735,3154432368,222,64
자동차렌트서비스,6257838760,3128919380,110,95
남성용외투,6240561922,3120280961,479,314
밸브보호통또는밸브실,6234786340,3117393170,499,139
이동식화장실,6218384000,3109192000,105,82
교량난간,6198843179,3099421590,238,152
태양광발전모듈,6198819550,3099409775,327,265
세라믹벽돌,6087167803,3043583902,164,89
교통신호등,5855319600,2927659800,799,121
무인교통감시장치,5787540850,2893770425,147,57
남성용운동복,5676105000,2838052500,62,1
교량용신축이음장치,5641460644,2820730322,203,68
작업용의자,5581361000,2790680500,2531,1371
투광조명,5556381650,2778190825,418,277
제수밸브,5446941450,2723470725,1200,201
막구조물,5341286190,2670643095,34,30
운영시스템소프트웨어,5156720275,2578360138,1925,1487
패키지용품,5141362000,2570681000,1256,168
마킹페인트,5097191621,2548595810,676,148
저수탱크및액세서리,4840341870,2420170935,494,144
구내방송장치,4792431700,2396215850,114,66
버터플라이밸브,4772170325,2386085162,122,49
보조사료,4770287896,2385143948,319,96
LCD패널또는모니터,4766044030,2383022015,2017,1456
상체근력강화기,4716708472,2358354236,482,76
패키지소프트웨어개발및도입서비스,4654878010,2327439005,187,73
목재마루재,4648818381,2324409190,81,60
버스승강장,4612357000,2306178500,143,79
조명제어장치,4511599760,2255799880,612,253
구급차,4411294000,2205647000,14,13
용접철망,4372573940,2186286970,1067,435
기동화,4217060520,2108530260,185,35
클라우드지원서비스,4191536170,2095768085,10,9
화장실용화장지,4184891250,2092445625,977,348
컨테이너하우스,4184321000,2092160500,139,96
패널시스템용칸막이,4071304360,2035652180,4863,759
사원복,3884601363,1942300682,2176,333
질감조성물질,3870045200,1935022600,135,28
공기조화기,3866448340,1933224170,42,20
덱(Deck),3812842683,1906421342,225,147
스틸파일,3803608639,1901804320,31,22
금속기둥,3795591640,1897795820,323,181
조합놀이대,3769781000,1884890500,93,73
야외운동기구,3724995070,1862497535,979,185
합성목재,3702974760,1851487380,148,112
흡음패널,3649474338,1824737169,154,97
책상,3532458700,1766229350,1499,797
충전장치,3489640000,1744820000,159,124
시멘트,3395918352,1697959176,204,143
눈및얼음융해장치,3360351000,1680175500,21,13
토목섬유,3347822875,1673911438,520,169
하드디스크드라이브,3346761700,1673380850,435,278
조경용수목,3235016700,1617508350,407,76
도장형바닥재,3221594350,1610797175,169,126
거주로조명설비,3217369500,1608684750,449,260
프로그램개발용소프트웨어,3189028000,1594514000,16,13
로커,3186058350,1593029175,1004,588
신호등주,3083680050,1541840025,541,88
접이식의자,3069973250,1534986625,788,567
옥외용벤치,3051821300,1525910650,682,309
캐비닛,2978435650,1489217825,1868,884
금속돌망태,2977580165,1488790082,318,97
의료용살충제,2975232900,1487616450,489,176
디젤발전기,2968969000,1484484500,61,42
고무발포단열재,2851607746,1425803873,709,41
덱플레이트,2826814189,1413407094,72,28
수중펌프,2812106000,1406053000,47,18
분석및과학용소프트웨어,2806365000,1403182500,90,56
교량받침,2792559200,1396279600,171,25
도로관리용차량,2660930000,1330465000,22,2
비디오프로젝터,2659400600,1329700300,322,262
철강빔,2651763101,1325881550,195,33
하드디스크어레이,2641483000,1320741500,68,55
도서관리시스템,2636527640,1318263820,133,65
혼합골재,2628764149,1314382074,245,90
피복강관이음,2616881531,1308440766,133,24
게이트문,2582577000,1291288500,2,1
텔레비전,2578817000,1289408500,715,523
주철제관이음,2574636105,1287318052,324,98
콘크리트벽돌,2507052476,1253526238,63,49
이동식서가,2504813700,1252406850,337,49
경질폴리염화비닐이음관,2501203411,1250601706,454,90
단독경보형감지기,2466536290,1233268145,18,14
배낭,2407356200,1203678100,20,4
멀티미디어학습시스템,2383606000,1191803000,98,70
합성수지제창,2374062230,1187031115,201,49
내벽패널,2321365078,1160682539,158,57
상업용오븐,2303628500,1151814250,91,72
스피커,2248257510,1124128755,651,306
즉석조리식품,2242826854,1121413427,472,29
공기순환기,2241185160,1120592580,692,129
배추김치,2238079550,1119039775,610,33
유량계,2220643100,1110321550,205,69
상업용식기세척기,2192580000,1096290000,173,115
화장실칸막이,2182054066,1091027033,236,102
실험실용보관장또는보조용품,2181452950,1090726475,898,294
폴리에틸렌제관이음,2173037052,1086518526,963,273
매트리스,2172577320,1086288660,190,150
다운라이트설비,2156478776,1078239388,518,260
탈수및배수장치,2153261500,1076630750,9,8
수학여행서비스,2147338340,1073669170,20,18
오디오앰프,2120448400,1060224200,656,324
정보통신공사,2118628920,1059314460,1304,303
방음벽및방음판,2116539170,1058269585,24,17
스톤네트,2108047720,1054023860,36,26
요리용소스,2088412353,1044206176,1590,40
국탕류,2083180500,1041590250,357,36
볼라드,2072634100,1036317050,326,168
목제문세트,2069632442,1034816221,87,31
칠판보조장,2069155900,1034577950,215,139
동보장치,2058356600,1029178300,52,29
상업용곰솥또는국솥,2000165000,1000082500,129,86
계단부품,1960334036,980167018,179,116
이동식스툴테이블,1950391000,975195500,78,43
차선분리대,1948275280,974137640,99,60
출입통제시스템,1947208500,973604250,155,36
따로분류되지않은대사성의약품,1945163480,972581740,148,85
수강용탁자,1939294600,969647300,364,292
방수시트,1929056327,964528164,27,20
통신케이블어셈블리,1923573890,961786945,829,362
태블릿컴퓨터,1907009300,953504650,205,183
산업제어소프트웨어,1891028000,945514000,118,54
수산물가공품류,1881991440,940995720,492,32
컴퓨터키오스크,1876694400,938347200,50,27
증발냉방장치,1842585500,921292750,17,13
기포단열재,1835307450,917653725,65,23
유리섬유강화플라스틱관,1833739320,916869660,40,14
회의용탁자,1812951700,906475850,1403,729
알가공품,1811725924,905862962,570,28
융복합관류,1806866270,903433135,4,3
파워어댑터또는인버터,1758526000,879263000,292,245
도로중앙분리대,1750094258,875047129,28,21
이동식부스,1727708000,863854000,100,80
책장,1720126360,860063180,1138,481
"강당,경기장용의자또는특수목적의자",1716100000,858050000,33,30
하체근력강화기,1679255500,839627750,173,72
도로명주소표지판,1677705230,838852615,596,96
디지털비디오레코더,1655903400,827951700,182,134
소화용기구,1646179950,823089975,75,55
투수골재포장재,1641622700,820811350,10,6
파라솔,1641398000,820699000,146,104
그레이팅덮개,1628456500,814228250,164,48
무선랜액세스포인트,1624616350,812308175,139,87
이중바닥마루틀,1622896000,811448000,43,34
융복합천장재료,1583331992,791665996,64,45
쓰레기수거용트럭,1565830000,782915000,7,5
항온항습기,1559048000,779524000,61,44
그래픽소프트웨어,1556603190,778301595,265,174
상자,1553035900,776517950,344,202
살균제,1552498090,776249045,138,91
영상정보디스플레이장치,1551488500,775744250,112,94
배선반,1529003200,764501600,175,83
잔디보호매트,1506251260,753125630,54,45
소방펌프차,1504800000,752400000,9,3
복사기,1490477000,745238500,231,204
부스터펌프,1487571000,743785500,91,70
배전용변압기,1455109000,727554500,33,18
압륜,1445037570,722518785,250,72
멀티미디어교육용소프트웨어,1435143500,717571750,65,49
미용화장지,1432747395,716373698,636,1
농업용트랙터,1420791900,710395950,22,21
정보검색또는서치소프트웨어,1417300000,708650000,21,17
신재생에너지가로등,1396969000,698484500,49,44
실험대,1396625900,698312950,344,131
소파,1380454000,690227000,729,282
냉방기,1370699890,685349945,338,249
신축관이음,1369587310,684793655,163,52
덤프트럭,1362020000,681010000,6,6
도로안전표지판지주,1359788580,679894290,322,94
토양개량제,1349923720,674961860,108,85
주방기구소독기,1308522900,654261450,416,190
트레드밀,1307728000,653864000,79,68
인증서버소프트웨어,1306735600,653367800,32,19
모래살포기,1303710000,651855000,19,14
랙캐비닛용패널,1297347240,648673620,972,226
콘크리트기초,1295079900,647539950,201,93
쓰레기통또는쓰레기통라이너,1294811600,647405800,254,173
융복합외부바닥재료,1286168000,643084000,20,13
학생용책상,1282999100,641499550,144,125
자동승강조명장치,1279669200,639834600,285,116
해상부유구조물,1278701000,639350500,17,12
소프트웨어유지및지원서비스,1271412000,635706000,13,8
무선마이크장치,1268716000,634358000,847,248
도로포장용보수재,1260342000,630171000,13,9
기타놀이기구,1240156000,620078000,86,40
냉장냉동겸용장치,1223836000,611918000,734,569
코르크바닥포장재,1211800600,605900300,32,24
상온보관우유또는버터제품,1198949917,599474958,309,28
송풍용팬,1193950000,596975000,41,30
레이저프린터,1191818189,595909094,691,576
침대,1177831400,588915700,186,141
탈취기,1173700000,586850000,3,3
네트워크시스템장비용랙,1172011950,586005975,796,368
살수차,1159589000,579794500,10,5
기동복,1152501667,576250834,560,78
리프트게이트트럭,1150780000,575390000,7,7
탱크트럭,1148980000,574490000,19,14
세라믹타일또는판석,1148414545,574207272,92,43
베갯잇,1126320050,563160025,39,13
계장제어장치,1108145010,554072505,32,4
두부류,1077173430,538586715,628,27
전지형에너지저장장치(BESS),1075930000,537965000,3,3
안전유도블록,1073908000,536954000,406,139
이동형파일서랍,1050842510,525421255,894,651
납골안치단,1049157000,524578500,7,5
웹페이지작성및편집소프트웨어,1042930000,521465000,19,16
승용자동차,1042830000,521415000,23,6
컴퓨터시스템설치,1033535644,516767822,2299,1635
광섬유케이블어셈블리,1026482280,513241140,444,224
난방용전열관,1015348650,507674325,285,49
칠판또는액세서리,1005291000,502645500,200,163
프린터라벨,996125995,498062998,17,12
상온담백한파스타또는면류,988990262,494495131,481,38
빌딩자동제어장치,980790830,490395415,9,9
콤바인,978560000,489280000,8,8
롤업셰이드,965243175,482621588,187,131
소방물탱크차,959400000,479700000,3,3
화분,949595400,474797700,78,48
광고판,921294790,460647395,115,35
장갑,908859431,454429716,61,25
수위조절기,908130800,454065400,64,49
식용야채또는식물성기름,900784896,450392448,145,37
경보장치,899798520,449899260,119,63
가로수보호판,896631330,448315665,160,59
카메라받침대,888828727,444414364,551,245
흡수식냉동기,885800000,442900000,5,4
아스팔트,879282800,439641400,95,23
서지방지장치,867555572,433777786,659,251
멀티미디어수신기,864207800,432103900,85,59
냉동빵,826960545,413480272,162,27
광고물부착방지물,822805790,411402895,79,48
프린터또는복사기용지,812442300,406221150,672,516
청량음료,811693760,405846880,268,38
흡수식냉온수기,811467000,405733500,12,3
보관용선반,803678900,401839450,243,119
교실용걸상,796335400,398167700,175,154
무선데이터통신장비,791462000,395731000,5,4
배수판,791297300,395648650,13,11
심장충격기,787800000,393900000,194,116
상업용주방후드,778645000,389322500,265,43
염소처리장비,766953000,383476500,23,21
수문권양기,766840200,383420100,108,46
비디오스위쳐,764570480,382285240,110,78
융복합감시및탐지장비,762145000,381072500,41,32
살수기,753956000,376978000,5,5
전원공급장치,751844150,375922075,587,325
송풍기,751140000,375570000,8,6
차량도장서비스,747762000,373881000,104,68
라운지용의자,743665900,371832950,294,161
수문,743620100,371810050,222,58
가스마스크,741152900,370576450,69,50
수량계보호통,741019830,370509915,296,51
차량번호판독기,739589800,369794900,31,14
평면스크린,735000000,367500000,2,2
경영관리소프트웨어,732257000,366128500,20,12
교통관제시스템,717645000,358822500,6,2
실험실용배기기,712937300,356468650,88,41
금속문세트,711001720,355500860,35,26
범용세척제,700932227,350466114,195,1
일체형컴퓨터,684263835,342131918,30,30
브래킷,679986500,339993250,357,203
LED램프,667026400,333513200,80,46
트랜스퍼케이스어셈블리,662070000,331035000,63,50
배식대,660748400,330374200,215,116
컴퓨터책상,659476000,329738000,189,130
음식물쓰레기종량기,657992000,328996000,17,14
가정용세탁기,655324000,327662000,206,172
농구대,638971600,319485800,63,49
내복,629070750,314535375,2,1
"오디오믹서,증폭기결합",627091300,313545650,254,171
기타방수재,625732270,312866135,8,7
융복합고정네트워크장비및부품,623390000,311695000,9,8
신발장,622611100,311305550,196,135
전선관,622236540,311118270,303,185
협잡물처리기,620780000,310390000,3,3
목제창,619983583,309991792,53,29
원심펌프,618900000,309450000,6,1
남성용슬리퍼,617793100,308896550,15,2
압력식여과장치,617600000,308800000,5,5
실험실용일반냉장고또는냉동고,614529000,307264500,41,25
플라스틱바닥재,612259500,306129750,19,17
퇴비살포기,606450000,303225000,21,13
영사용스크린,598871000,299435500,258,179
콘크리트패널,596849523,298424762,13,10
농업용굴착기,594775500,297387750,10,10
화초류임대서비스,594366000,297183000,7,6
제설제또는서리제거제,589516200,294758100,19,14
노면청소차,584185000,292092500,12,6
유개트럭,582820000,291410000,6,6
상업용밥솥,579010000,289505000,55,53
수관보일러,576305000,288152500,8,7
파종기,574448000,287224000,13,10
소형정수장치,573400000,286700000,22,16
식탁,572425000,286212500,241,168
간접가열보일러,571200000,285600000,10,8
자전거보관대,571048400,285524200,81,59
냉난방기,561477840,280738920,213,113
온수탱크,556076500,278038250,15,12
문서세단기및보조용품,554790400,277395200,414,349
스피커제어유닛,552305380,276152690,293,114
깍두기,550042450,275021225,270,33
융복합표식장비,548866700,274433350,7,3
지하수상부보호공,548074000,274037000,47,33
소방화학차,546300000,273150000,1,1
네트워크케이블,546167420,273083710,419,266
아크차단기,543412000,271706000,17,11
팬코일유닛,543134950,271567475,95,15
충격완충장치,532093000,266046500,48,34
마이크로폰,531670350,265835175,320,197
옥외광섬유케이블,526016310,263008155,120,87
제습기,521429600,260714800,213,173
멀티스크린컴퓨터,516124000,258062000,25,19
상온해조류,514885674,257442837,139,39
실험실용싱크대,508474500,254237250,194,119
수확기,502714490,251357245,29,13
손목시계,502601040,251300520,3,1
운동용매트또는패딩,500719400,250359700,19,15
스마트카드,500439920,250219960,46,22
토공사,495781227,247890614,341,105
탈취제,495472000,247736000,36,29
장미,490804000,245402000,127,17
공기살균기,489530000,244765000,25,19
생선통조림,482252210,241126105,70,32
탈곡기,473620000,236810000,21,11
터널진입차단설비,469173420,234586710,3,2
"신선케이크,파이또는패스트리",461597310,230798655,43,20
사류펌프,460000000,230000000,1,1
건식잠수복,457254000,228627000,11,7
수납식관람석,456003475,228001738,10,8
예취기,454941000,227470500,46,38
인조잔디배수판,450984800,225492400,4,4
변조기,449392600,224696300,146,75
안전표지판,446560600,223280300,27,19
멀티미디어영상현미경,443519000,221759500,88,73
떡,442316019,221158010,307,27
체크밸브,441549700,220774850,34,22
손수건,436923696,218461848,22,1
생물안전작업대,434860910,217430455,19,9
세탁물건조기,431144000,215572000,146,113
천장패널,429972289,214986144,43,31
고춧가루및실고추,426588000,213294000,28,22
광송신기또는수신기,415435860,207717930,141,108
구충제,414029780,207014890,24,14
염소,413530100,206765050,25,18
포충기,411459000,205729500,73,67
오염제거기,408098680,204049340,29,24
파형강관이음관,404850527,202425264,734,196
폴리에틸렌필름,399716721,199858360,31,1
케이블트레이,398590812,199295406,29,8
면역혈청학적검사용시약,396467230,198233615,33,15
하수악취차단장치,394763700,197381850,68,29
콘텐츠관리소프트웨어,393780000,196890000,8,7
즉석식사또는조리된곡물,390988950,195494475,195,38
병포장또는보존처리된주스,390102167,195051084,204,34
철근콘크리트공사,389920451,194960226,184,89
관리기,384752600,192376300,23,18
전력케이블,379859976,189929988,304,172
사무환경기기임대서비스,378436476,189218238,6,5
조명타워,376994000,188497000,11,11
광분배함,375508240,187754120,588,219
단체보험,372415280,186207640,15,2
구조공작차,366420000,183210000,1,1
시선유도봉,365031900,182515950,82,55
무기수산화물,358608250,179304125,11,6
간판대또는스탠드,357898420,178949210,288,39
스포츠음료또는에너지음료,355234550,177617275,83,29
SAN스위치,353673600,176836800,45,39
이중바닥재,348690500,174345250,18,15
고소작업차,340963900,170481950,13,4
비금속막대,337973840,168986920,2,1
정복,337197060,168598530,157,40
혼합조미료,333153780,166576890,234,36
샐러드드레싱또는딥,331733390,165866695,229,39
유리섬유강화플라스틱제관이음,331396110,165698055,36,12
접속단자대,331120200,165560100,147,83
보행자감지기,323800000,161900000,10,9
파김치,319737650,159868825,75,23
이퀄라이저,316926600,158463300,119,95
휘발유,313178225,156589112,6,3
나선(裸線),312860000,156430000,5,1
수성페인트,311822400,155911200,13,10
선풍기,311313500,155656750,371,252
그네,305391000,152695500,42,37
다목적운반차,303935400,151967700,13,12
다기능복사기,300454900,150227450,330,311
목재판재,297752500,148876250,22,18
전자메일소프트웨어,295650000,147825000,12,11
온냉치료용기기또는장치,294907500,147453750,44,42
디지털캠코더또는비디오카메라,292330660,146165330,94,81
일반용역,291972866,145986433,322,122
영상회의시스템,289272500,144636250,23,20
디지털카메라,288087600,144043800,72,64
롤링문,283943100,141971550,20,10
트럭장착식제설기,282855000,141427500,11,8
부숙유기질비료,281216992,140608496,35,29
기계마운트또는방진장치,279903000,139951500,10,8
융복합마무리재료및제품,278600000,139300000,3,3
살균수제조장치,274010000,137005000,44,44
세라믹기와,272142410,136071205,74,13
즉석건조식품,272094762,136047381,126,32
기타청소서비스,271287200,135643600,55,22
누전차단기,269431000,134715500,301,190
스툴의자,267226100,133613050,179,133
원거리교육서비스,266209330,133104665,52,20
여성용셔츠또는블라우스,266145180,133072590,12,1
자동변속기,265985000,132992500,45,32
트래픽콘또는델리네이터,264993320,132496660,28,10
플라스틱포대,263760200,131880100,32,21
분무기,263573500,131786750,14,13
가공치즈,261660300,130830150,129,26
차체덮개,260450000,130225000,19,18
프린터리본,259614080,129807040,20,11
카스토퍼,259523060,129761530,50,39
투수콘크리트,252968471,126484236,15,10
볼밸브,250532000,125266000,3,1
농작물살충제,250158037,125079018,34,29
공기청정기,246156000,123078000,140,113
콤팩트디스크재생또는녹음기,245009090,122504545,193,136
응급의료용후송키트,238795000,119397500,18,8
수질조정장치,238158000,119079000,3,2
전자태그재물조사서비스,236932150,118466075,2,2
래미네이션필름,234305280,117152640,20,11
콘크리트보강섬유,233839600,116919800,3,2
커튼,233053690,116526845,62,43
현광방지장치,232693000,116346500,2,2
작물분절기,228160000,114080000,8,7
상업용그리들,227890000,113945000,56,39
정수기,227519000,113759500,32,27
포장용테이프,226453000,113226500,2,1
유해물질방어의류,223093900,111546950,11,11
플랩밸브,222904300,111452150,10,8
소방용펌프,221200000,110600000,8,7
견과류또는건조실과류,218742600,109371300,22,14
온수제조기,218111200,109055600,31,29
스토브,217323000,108661500,72,33
소화성궤양용제,216720789,108360394,421,83
에어커튼,213035000,106517500,125,97
영사대,212429000,106214500,82,68
진해거담제,210951174,105475587,796,97
상업용싱크대,209210050,104605025,187,68
열전냉각기,206984000,103492000,3,2
수관누수탐지기,205530000,102765000,1,1
진공청소기,205043600,102521800,307,236
그레이더또는정지기,203972727,101986364,18,12
가축매몰지복원서비스,203845950,101922975,1,1
버스,203500000,101750000,1,1
방수재킷또는우비,199501890,99750945,57,41
음식물절단기,199320000,99660000,56,54
무기질도막방수재,199037950,99518975,8,5
상온보관용빵,198551875,99275938,68,24
음수기,196744500,98372250,37,30
화재경보장치,196551000,98275500,102,65
강판,193025020,96512510,9,2
남성용운동화,192667800,96333900,285,240
자동차안정성컨트롤시스템,192507000,96253500,58,45
응접탁자,192031900,96015950,316,176
쟁기,187187000,93593500,18,11
휠체어리프트,186960000,93480000,16,3
총각김치,184591325,92295662,91,25
토너,184037800,92018900,181,53
카메라용렌즈또는카메라용필터,184026000,92013000,58,34
수업보조용소프트웨어,181829780,90914890,40,25
대형냉장고,178570000,89285000,6,2
적외선카메라,177744000,88872000,9,8
냉동트럭,176190000,88095000,5,3
리셉터클,175726300,87863150,29,20
주파수분할다중화장치,174876000,87438000,2,2
세척장치,174000000,87000000,39,38
종이타월,171954180,85977090,205,194
고무개스킷,171798957,85899478,21,3
네트워크회의용소프트웨어,171250000,85625000,22,12
단무지,166193580,83096790,209,27
제본천공기,165520400,82760200,61,51
기타진단용약,164437600,82218800,22,19
커튼봉,164010840,82005420,42,35
오디오장비커넥터및스테이지박스,163683100,81841550,78,48
혈압강하제,161299473,80649736,243,66
인공지능(AI)소프트웨어,160200000,80100000,3,2
신발건조기,159384400,79692200,52,46
수영시설기구,159001000,79500500,47,10
전기이륜차,158381600,79190800,30,30
그래픽또는비디오가속카드,157852000,78926000,11,10
조개통조림,156706800,78353400,25,16
누수탐지기,156420000,78210000,1,1
발포폴리스티렌단열재,156055684,78027842,10,5
고추장및고추장만들기키트,155808090,77904045,57,34
수소스포츠유틸리티차량,154120000,77060000,2,2
장롱,152656900,76328450,79,59
상업용조리대,150815000,75407500,157,73
레벨센서및트랜스미터,149207300,74603650,16,13
분사제,148912000,74456000,48,42
공기밸브,148689600,74344800,67,40
오일여과장치,147896000,73948000,1,1
기생성피부질환용제,147756259,73878130,416,79
두유음료,147623964,73811982,64,31
지도제작소프트웨어,146496000,73248000,5,5
종합폴,145583000,72791500,24,7
김치냉장고,144480000,72240000,21,20
케이블트레이부속품,144472045,72236022,53,6
운동장및놀이터용흔들놀이기구,144454000,72227000,87,37
리모트앰프,143626600,71813300,102,88
수처리용산기장치,143590000,71795000,7,7
세탁망,143284607,71642304,16,1
자연치즈,140925040,70462520,93,22
체성분분석기,140790000,70395000,31,27
플로터프린터,139372900,69686450,34,33
강연대,139101700,69550850,181,137
칸막이형열람대,138395220,69197610,25,17
보조책상,136609800,68304900,182,153
실습대,136449200,68224600,57,42
소형화물용엘리베이터,135290000,67645000,13,3
비닐피복기또는수거기,135000000,67500000,1,1
텔레비전거치대,132148400,66074200,423,320
프리캐스트콘크리트옹벽,131912906,65956453,4,2
동맥경화용제,131717807,65858904,118,43
항히스타민제,131560204,65780102,601,90
카운터,131099250,65549625,62,25
시소,128463000,64231500,48,38
안전헬멧,128272000,64136000,16,9
식별용꼬리표,128174310,64087155,29,25
스키드스티어로더,128000000,64000000,1,1
모자,127834504,63917252,174,25
열펌프,127471500,63735750,44,11
스캐너,127375700,63687850,38,36
전자혈압계,124190000,62095000,54,43
인터콤시스템,123952000,61976000,16,12
도청방지기,121600000,60800000,2,2
난방패널,121131945,60565972,29,7
묵류,120620480,60310240,67,26
손소독기,119421000,59710500,83,74
사업시설관리용로봇,118000000,59000000,2,2
장기보존도시락,115432400,57716200,30,6
우산빗물제거기,115144400,57572200,80,66
"잼,젤리또는과일설탕절임",114733936,57366968,77,32
화재수신기,114696000,57348000,5,2
토목용보강재,114032490,57016245,2,2
쇄토기,111895000,55947500,21,14
가정용전자레인지,111870800,55935400,221,191
청소도구함,110669400,55334700,74,63
오이소박이김치,109640150,54820075,34,12
아스팔트개질제,109392400,54696200,9,6
논두렁조성기,108420000,54210000,7,6
마스크또는보조용품,108357820,54178910,49,32
필기용지,108314300,54157150,159,116
허리띠또는멜빵,106824114,53412057,5,1
양방향라디오,106641500,53320750,19,15
특수목적컴퓨터,105701000,52850500,13,12
포장공사,105417157,52708578,58,31
인증관리소프트웨어,104632000,52316000,6,4
간장,104174675,52087338,90,34
융복합응급의료용심폐소생제품,103910000,51955000,4,4
전기함,103270548,51635274,154,109
"푸딩소스,양념류또는매리네이드",101878230,50939115,51,34
수목보호용지지대,101707950,50853975,29,5
실체현미경,101384000,50692000,49,37
공기여과기,101234018,50617009,6,1
습식잠수복,101200000,50600000,7,4
폴리에틸렌물받이,99993500,49996750,13,8
소방용수동식용구,99471000,49735500,15,13
혈액냉동고,98830000,49415000,5,4
소방복,98648000,49324000,14,4
연관보일러,98600000,49300000,1,1
접지장치또는조립품,98547995,49273998,174,102
소공간용소화용구,94296000,47148000,22,10
체험활동서비스,93824000,46912000,9,5
도로반사경,93642800,46821400,25,17
열무김치,92479225,46239612,73,23
pH측정기,92112000,46056000,4,4
식기건조대,91699000,45849500,68,42
오디오모니터,90838300,45419150,85,67
플러그용잭,90162550,45081275,303,137
이불,89996100,44998050,19,13
인쇄기,86405000,43202500,16,16
난방용필름또는시트,85432800,42716400,43,8
천막용방수포,84357380,42178690,21,12
문자음성변환(TTS)소프트웨어,84150000,42075000,2,2
업소용세탁기,83300000,41650000,5,5
"해열,진통,소염제",81819848,40909924,403,88
로봇페인팅서비스,81388000,40694000,5,5
배토기,80140000,40070000,8,6
커피음료,79830178,39915089,23,15
엔진오일,78992880,39496440,2,1
부식억제장비,78418200,39209100,7,4
특수블록,78200000,39100000,1,1
남성용조끼,77718799,38859400,84,60
수질분석기,77462400,38731200,11,10
음식물쓰레기처리기,77350000,38675000,6,4
슬러지두께측정기,76560000,38280000,3,3
혼합장,76514420,38257210,49,31
특수페인트,76345290,38172645,8,2
수위관리및조절기구,76257500,38128750,4,4
미끄럼틀,75847000,37923500,5,4
멀티파라미터바이탈사인장치또는액세서리,75610000,37805000,9,9
교육용인쇄지또는팸플릿,74685113,37342556,32,1
제초기,74520000,37260000,8,8
세면기,73445000,36722500,49,42
유지식물류,73053882,36526941,43,28
차량차체용적재함,72864000,36432000,16,16
향신료또는액즙,72780980,36390490,49,25
특수봉투,71219996,35609998,2,1
된장,71192670,35596335,47,32
유기질비료,70926599,35463300,10,8
팩스용지,70888000,35444000,1,1
이비과용제,69788501,34894250,262,80
유아용교구장,69356000,34678000,51,27
부스웨이,69316000,34658000,4,1
교육용놀이세트,69203500,34601750,21,5
실물화상기,68873000,34436500,50,48
유선송신기또는수신기,67170000,33585000,73,39
베어본컴퓨터,66527000,33263500,16,14
"진통,진양,수렴,소염제",64831033,32415516,561,95
매트형유흡착재,62400000,31200000,6,3
액체스트레이너,61332480,30666240,5,3
가정용전기레인지,61226900,30613450,36,29
비디오네트워킹장비,61152000,30576000,7,5
안마의자임대서비스,61085400,30542700,16,11
조경관리서비스,61030000,30515000,17,6
클라우드융합서비스,59600000,29800000,1,1
시럽,59189700,29594850,66,31
우편물봉합기,59000000,29500000,1,1
일반행정공통서식,58633150,29316575,62,61
메모리모듈카드,58588000,29294000,8,6
감염병예방용방역살균소독제,57894550,28947275,25,12
수인인명인쇄기,56548000,28274000,12,11
농산물줄기절단기,56485000,28242500,8,5
치과구강용약,55914368,27957184,377,92
유아용탁자,55688450,27844225,58,29
하드디스크파기장치,55454000,27727000,3,3
재활용품자동회수기,54750000,27375000,1,1
비스킷또는쿠키,54686880,27343440,8,7
상업용레인지,54249000,27124500,42,30
칫솔,53719380,26859690,7,2
메탈할라이드램프,52978000,26489000,10,8
요리용또는테이블용소금,52671820,26335910,49,30
덩어리얼음제조기,52420000,26210000,17,16
기타외피용약,51964728,25982364,499,89
페달,51540000,25770000,15,13
스트로보또는경고등,51456576,25728288,44,37
남성용구두,51274800,25637400,35,19
텔레비전보관장및받침대,49669200,24834600,47,42
유해동물퇴치기,49387000,24693500,3,3
건습식진공청소기,49372500,24686250,66,59
마이크스탠드,48884400,24442200,283,141
책소독기,48400000,24200000,6,6
칫솔케이스,47693149,23846574,6,2
수중조명,47690000,23845000,3,2
기타화학요법제,47065586,23532793,229,64
핸드드라이어,46013000,23006500,24,20
요,45866000,22933000,7,5
"넥타이,스카프또는머플러",45744696,22872348,25,15
융복합음향기기및영상기기,45684000,22842000,3,3
번역서비스,44988500,22494250,18,3
책운반기,44722900,22361450,40,26
내외장벽패널,43890000,21945000,1,1
케이블타이,43717300,21858650,27,21
디스크브레이크,42900000,21450000,2,1
손세정제,42856000,21428000,21,21
중방식페인트,42680000,21340000,6,4
"주로그람양성,음성균에작용하는것",42527801,21263900,186,62
건위소화제,41559247,20779624,137,68
절연전선및피복선,41314740,20657370,227,108
운전자보호격벽,40890000,20445000,5,4
백김치,40419050,20209525,38,14
손잡이,40320360,20160180,18,12
잉크젯프린터,38389000,19194500,54,52
흡음용천장재,38220000,19110000,3,2
돌리,37737000,18868500,52,41
탁도계,37574400,18787200,14,9
자동문,37570000,18785000,5,2
카트,37336000,18668000,24,24
냉장진열장,37067000,18533500,21,19
압력또는증기청소기,37062600,18531300,17,17
교탁,36921800,18460900,23,21
정신신경용제,35561891,17780946,75,30
"공구보관용함,상자또는캐비닛",35057150,17528575,19,16
정기간행물,34784627,17392314,2,1
식기및컵회수차,33859000,16929500,34,26
표창장,33854000,16927000,2,1
설탕또는설탕대체사탕,33736866,16868433,30,27
트렐리스,33660000,16830000,3,3
컴퓨터가방,32557200,16278600,290,267
비데,31746500,15873250,16,12
제어케이블,31219020,15609510,33,26
플라스틱그레이팅,30812670,15406335,3,3
잡지꽂이,30314000,15157000,43,32
그물형가방,30063490,15031745,12,9
약품탱크,30000000,15000000,2,2
산소,29593996,14796998,6,6
금속제문틀,29446200,14723100,2,1
차음료,29284404,14642202,9,8
비료살포기또는분배기,29260000,14630000,4,4
IP전화기,29166000,14583000,13,11
피부연화제(부식제를포함),28608349,14304174,130,52
합성수지제문,28588286,14294143,5,3
DVD드라이브,28229900,14114950,449,387
등안정기,28194000,14097000,9,8
찬장,28101000,14050500,21,15
외용소독제,28051100,14025550,14,12
차량용영상기록장치및액세서리,28011000,14005500,18,12
에어샤워,28000000,14000000,1,1
다단식운반차,27425000,13712500,33,28
전력감시또는제어장치,27389000,13694500,56,38
기타알레르기용약,27295433,13647716,62,39
"최토제,진토제",26914755,13457378,24,13
정장제,26836139,13418070,278,86
원격단말장치(RTU),26333000,13166500,1,1
안과용제,26255152,13127576,379,81
부스웨이피팅및액세서리,25811000,12905500,16,1
체조용바또는빔,25223000,12611500,17,15
기타소화기관용약,25148363,12574182,291,72
간장질환용제,25141031,12570516,94,49
오링,24974260,12487130,18,7
세면용수건,24920784,12460392,101,3
네트워크인터페이스카드,24666000,12333000,5,5
방수총,24468000,12234000,4,4
혈액대용제,24033639,12016820,75,46
오니농도측정기,24000000,12000000,1,1
우산꽂이,23940000,11970000,8,8
릴레이보드또는다중릴레이모듈,23735800,11867900,25,19
농축산용방역장비,23650000,11825000,1,1
무균대,23644900,11822450,4,4
전기밥솥,23443800,11721900,55,46
갓김치,23359000,11679500,25,11
운동장및놀이터용기어오르기기구,23010000,11505000,6,2
파일링캐비닛또는액세서리,22690300,11345150,26,23
기타인쇄물,22531583,11265792,22,11
거문고,22500000,11250000,1,1
송수신기및미디어컨버터,22321000,11160500,28,25
상업용필러,22110000,11055000,11,11
호출기,21421000,10710500,16,13
교단,21382000,10691000,5,4
기타조직세포기관용의약품,21281558,10640779,107,60
기타순환계용약,21256843,10628422,53,36
라디오튜너,20782000,10391000,48,42
등짐펌프,20536000,10268000,3,3
적외선탐지기,20276000,10138000,2,1
방한화,20265000,10132500,1,1
밸브작동기,20040000,10020000,3,2
소지품케이스,19940400,9970200,2,1
교양교육서비스,19892560,9946280,5,4
차량지지용아우트리거,19580000,9790000,1,1
깃대또는부속품,19300000,9650000,7,2
비금속명판,19292881,9646440,101,12
뇌파기또는액세서리,19200000,9600000,1,1
식초,19159250,9579625,43,29
구내교환장비,19111000,9555500,4,1
음식쓰레기처리대,18944000,9472000,33,31
연산축전지,18800000,9400000,2,2
안전띠또는안전벨트,18590000,9295000,3,3
우산,18590000,9295000,3,2
메가폰,18587400,9293700,6,6
컴퓨터마우스또는트랙볼,17286920,8643460,243,224
부신호르몬제,17261083,8630542,250,69
휴대전화기,17250000,8625000,6,6
기타항생물질제제(복합항생물질제제포함),17170602,8585301,101,53
냉각팬,17097200,8548600,48,43
그리스주유기,17008000,8504000,7,6
안전안경,16840000,8420000,2,2
패널시스템용보관함,16143300,8071650,27,12
레이드컨트롤러,16070000,8035000,3,3
머플러또는공명기,16000000,8000000,1,1
통장,15940449,7970224,6,6
청국장,15935200,7967600,8,7
구명조끼,15485000,7742500,11,4
근접감지기,15000000,7500000,1,1
구조용열교차단재,14909520,7454760,2,1
이불커버,14790000,7395000,5,4
보행자안전차단기,14470000,7235000,2,2
크레덴자,14312200,7156100,16,15
트럭탑재식윈치,14300000,7150000,3,3
화농성질환용제,14111092,7055546,107,56
피뢰탄기반,13450200,6725100,43,36
플랫폼트럭,13336000,6668000,28,22
진경제,12852074,6426037,127,57
간호사복,12782859,6391430,22,1
카메라플래시또는광원,12750000,6375000,12,12
공조용경질덕트,12465500,6232750,1,1
방재훈련용모의시스템,12320000,6160000,1,1
국기,12120000,6060000,4,2
자동차교육관련자료,11682000,5841000,1,1
치약,11664000,5832000,1,1
자동차외부조명,11583000,5791500,7,6
헬륨가스,11531520,5765760,1,1
온풍난방기,11402000,5701000,13,12
분배기,11350000,5675000,26,24
혈관보강제,11304648,5652324,39,27
카메라덮개또는커버,11122000,5561000,2,2
호신용장갑,10996000,5498000,9,5
최면진정제,10833438,5416719,52,41
종이펀칭기또는바인딩기,10631000,5315500,21,18
여성용구두,10395340,5197670,5,3
가정용식기세척기,10340000,5170000,3,3
컴퓨터용보안기,10307500,5153750,13,9
시트형탄성포장재,10144700,5072350,1,1
커플링식관이음,10132200,5066100,6,1
자동차용좌석조립체,9950000,4975000,9,8
팩스기기,9794600,4897300,27,27
디지털전화기,9729000,4864500,1,1
비타민A및D제,9692989,4846494,83,45
차량부속품저장용상자,9300000,4650000,1,1
컴퓨터본체보관장및받침대,9173000,4586500,14,14
합성섬유솜,9063200,4531600,1,1
자기띠판독기및부호기,9029800,4514900,427,371
안전용덧옷,8370000,4185000,17,12
농작물살충살균제,8129110,4064555,4,3
곡류가루,8060960,4030480,31,19
산소포화도측정기유닛,7983000,3991500,9,9
합성수지제문틀,7753905,3876952,4,2
당뇨병용제,7748444,3874222,9,6
"하제,완장제",7668054,3834027,35,20
산업용공기,7524350,3762175,2,2
중금속고정제,7284200,3642100,1,1
자동차창문,7150000,3575000,10,10
질소,7125843,3562922,4,2
비상구용발광표지,7000000,3500000,1,1
"주로그람양성,음성균,리케치아,비루스에작용하는것",6710160,3355080,59,37
견인용갈고리,6440000,3220000,4,2
전도도측정기,6374400,3187200,4,4
도난방지기,6326000,3163000,1,1
사용또는교육용매뉴얼,5840000,2920000,17,4
자동차용림또는휠,5760000,2880000,5,3
엔코더디코더장비,5720000,2860000,1,1
제산제,5706498,2853249,172,57
기타인공관류용제,5572712,2786356,60,29
전기코드어셈블리,5526900,2763450,3,3
고무마루재,5431200,2715600,1,1
책상용콤비의자,5355000,2677500,11,9
네트워크게이트웨이,5296000,2648000,3,2
차량조작및승객용손잡이,5134800,2567400,6,6
간편조리세트,5068700,2534350,2,1
수장고용수납장,4959000,2479500,5,2
통풍치료제,4905906,2452953,41,31
카드인쇄기,4518000,2259000,1,1
다용도전기함,4502000,2251000,4,1
차량용운행기록계,3900000,1950000,6,6
고압나트륨램프,3852000,1926000,2,2
벤치,3834600,1917300,4,4
"주로그람양성균,리케치아,비루스에작용하는것",3742595,1871298,20,17
자동차내부조명,3694000,1847000,3,3
"각성제,흥분제",3548475,1774238,8,5
국소마취제,3083309,1541654,70,45
보호용두건,3076000,1538000,7,3
시트커버,3040000,1520000,5,5
개인여가·오락·취미용및감성교감로봇,3036000,1518000,2,2
융복합화재예방장비,3000000,1500000,1,1
커피구독서비스,2772000,1386000,1,1
스피커스탠드,2769000,1384500,8,8
스위치박스,2550000,1275000,2,2
윈도우필름,2542000,1271000,1,1
가야금,2500000,1250000,1,1
상업용서빙트레이,2450000,1225000,1,1
전기공사,2436000,1218000,29,19
지폐계수기,2368210,1184105,3,3
선루프또는문루프,2320000,1160000,3,3
비타민B1제,2268508,1134254,62,49
전선또는케이블레이스웨이,2176000,1088000,1,1
치질용제,2154232,1077116,37,29
개인용혈당측정기,2070000,1035000,7,7
베개,2047000,1023500,6,5
바코드프린터,2002000,1001000,1,1
장구,1985000,992500,3,3
자동차문,1910000,955000,2,2
스푼,1815000,907500,1,1
부정맥용제,1633373,816686,57,38
휴대용하드디스크저장장치,1612000,806000,4,4
진훈제,1517890,758945,43,37
단백아미노산제제,1286234,643117,11,8
자동차용미러,1280000,640000,5,3
유선랜젠더,1258600,629300,15,15
표준봉투,1249500,624750,7,6
수소,1240620,620310,2,2
얼굴보호대,1235000,617500,1,1
강심제,1108430,554215,12,7
신문용지절지,1093000,546500,5,2
태양전지조절기,1046000,523000,2,2
차량용냉온장고,1000000,500000,1,1
루프랙시스템,950000,475000,5,5
유선전화기,910000,455000,1,1
항전간제,808556,404278,12,7
시각장애인용음성안내기,800000,400000,2,2
화물차뒷문또는리프트게이트,760000,380000,4,3
계기판,760000,380000,2,2
"혼합비타민제(비타민A,D혼합제제를제외)",720630,360315,24,17
식기세척제,720000,360000,4,3
차량외부장치,660000,330000,1,1
사과주또는페리주,650000,325000,1,1
북,630000,315000,2,2
소주,580000,290000,2,1
아르곤가스,525350,262675,2,1
동축케이블,453850,226925,2,2
카메라컨트롤러,424000,212000,1,1
항원충제,402948,201474,10,9
동력취출장치,380000,190000,2,2
여성용외투,328000,164000,3,1
남성용셔츠,318500,159250,2,2
크레인붙이트럭,300000,150000,1,1
혈관확장제,279054,139527,39,34
이산화탄소가스,274620,137310,1,1
안전띠,240000,120000,1,1
단소(短簫),150000,75000,1,1
약주또는청주,125000,62500,1,1
소고(小鼓),120000,60000,1,1
정보화교육서비스,110000,55000,1,1
트럭버스현가장치,50000,25000,1,1
배지또는배지홀더,17880,8940,1,1
매트리스커버,16000,8000,1,1
섬유단열재,0,0,1,1
바닥배수구,0,0,1,1
생체인식장비,0,0,1,1
실험및과학장비설치,0,0,1,1
